name,norad,shell,approx_alt_km,day,weather_class,schedule,rmse_sgp4_km,rmse_ekf_km,rmse_hybrid_km,p95_sgp4_km,p95_ekf_km,p95_hybrid_km,max_sgp4_km,max_ekf_km,max_hybrid_km,outage_rmse_sgp4_km,outage_rmse_ekf_km,outage_rmse_hybrid_km,hybrid_gain_km,hybrid_improvement_pct,hybrid_better
STARLINK-1676,46556,53deg,260.15095331237444,2025-12-08,quiet,nominal_10min,229.4752619690345,3.4055897315507364,0.39602466072639125,454.19839602753046,4.124597543432157,0.723908052201337,502.4827354775614,4.379028359840639,1.0174327810793735,,,,3.0095650708243453,88.37133383808798,True
STARLINK-1676,46556,53deg,260.15095331237444,2025-12-08,quiet,nominal_20min,229.4752619690345,5.019838726185784,0.786145482577916,454.19839602753046,6.4176421904099925,1.5656330010351323,502.4827354775614,6.872898048331169,2.6498844948935782,,,,4.233693243607869,84.33922830076153,True
STARLINK-1676,46556,53deg,260.15095331237444,2025-12-08,quiet,gap_4h,229.4752619690345,10.545040707451692,1.6690916483848917,454.19839602753046,28.142281755138974,2.729323034123284,502.4827354775614,44.07329332034692,18.625667815796536,127.91029461654206,23.982609214645873,2.661853354406556,8.8759490590668,84.17178563184282,True
STARLINK-1676,46556,53deg,260.15095331237444,2025-09-19,quiet,nominal_10min,223.39434503284275,3.3567593442957557,0.41826045915519716,443.1453049716474,4.032036946147925,0.7895593048017991,490.14501134337866,4.4110585740259,1.1872838009294615,,,,2.9384988851405587,87.53975438048724,True
STARLINK-1676,46556,53deg,260.15095331237444,2025-09-19,quiet,nominal_20min,223.39434503284275,4.861542982421325,0.7995374861700817,443.1453049716474,6.203345380970311,1.6180994482840176,490.14501134337866,6.769905044515192,2.195102928061784,,,,4.062005496251243,83.55383282507015,True
STARLINK-1676,46556,53deg,260.15095331237444,2025-09-19,quiet,gap_4h,223.39434503284275,10.19133361817775,1.6112476638108435,443.1453049716474,26.90569355583911,2.3940122927127043,490.14501134337866,42.64369937946195,18.593152603854346,124.41320796841092,23.090662546190053,2.3930674718399905,8.580085954366906,84.19002140272451,True
STARLINK-1676,46556,53deg,260.15095331237444,2025-03-18,moderate,nominal_10min,345.3468434413098,4.464733302827341,0.5283615524685082,683.1687153411019,5.328524552836605,0.9733697640879643,755.2660504675049,5.617244369563156,1.4719830043439681,,,,3.9363717503588327,88.16588771083107,True
STARLINK-1676,46556,53deg,260.15095331237444,2025-03-18,moderate,nominal_20min,345.3468434413098,6.497942691294363,0.9617304925600685,683.1687153411019,8.279347607263233,1.898392405307152,755.2660504675049,8.845681980634824,3.096606299513106,,,,5.536212198734295,85.19946176428195,True
STARLINK-1676,46556,53deg,260.15095331237444,2025-03-18,moderate,gap_4h,345.3468434413098,14.34111774826949,3.2355238393098027,683.1687153411019,38.02133683255314,4.377127031570784,755.2660504675049,59.67974194234696,23.338737470261332,193.07457054589634,32.56574540216357,6.835573136089437,11.105593908959687,77.4388308073112,True
STARLINK-1676,46556,53deg,260.15095331237444,2025-07-08,moderate,nominal_10min,133.76033628049163,2.3886147525721055,0.4024092778644108,264.0419524258131,2.9607492756412834,0.7553528450148711,291.95962607793257,3.2812674793905856,1.1203029330563812,,,,1.9862054747076947,83.15302719155156,True
STARLINK-1676,46556,53deg,260.15095331237444,2025-07-08,moderate,nominal_20min,133.76033628049163,3.4646333061589014,0.6453707478711455,264.0419524258131,4.607657731859156,1.2407260956708162,291.95962607793257,5.12792889031593,1.7700208350189688,,,,2.8192625582877557,81.37261029258413,True
STARLINK-1676,46556,53deg,260.15095331237444,2025-07-08,moderate,gap_4h,133.76033628049163,7.772003226625501,1.32695393377826,264.0419524258131,20.56359469924803,1.2208273054711658,291.95962607793257,32.62637972307003,13.64962133070697,75.65734203782873,17.782693662811138,2.5699920232398337,6.445049292847241,82.92648761091154,True
STARLINK-1676,46556,53deg,260.15095331237444,2025-11-12,storm,nominal_10min,383.7880101768916,4.883040394864135,0.6258787564617548,758.8898137210786,6.039048875498398,1.189089174885358,838.4295368911886,6.332601615911645,1.8798748737911484,,,,4.257161638402381,87.18260129242348,True
STARLINK-1676,46556,53deg,260.15095331237444,2025-11-12,storm,nominal_20min,383.7880101768916,7.141222333322362,1.0674876688844648,758.8898137210786,9.376283929225531,2.0432621852760056,838.4295368911886,9.924732891555145,2.8240267895716005,,,,6.073734664437897,85.0517513801054,True
STARLINK-1676,46556,53deg,260.15095331237444,2025-11-12,storm,gap_4h,383.7880101768916,16.017860620999915,4.224123829201923,758.8898137210786,42.60067127241222,7.097719794841202,838.4295368911886,66.23358034722419,28.212025780969377,211.75246348568177,36.38701249778629,9.434327018906954,11.793736791797993,73.62866409472957,True
STARLINK-1676,46556,53deg,260.15095331237444,2025-06-01,storm,nominal_10min,236.49227749167227,3.663148316381818,0.4643860707227456,475.065585206654,4.6087314692023265,0.8134975753811177,528.0529014813249,5.066384888565836,1.3351809291006358,,,,3.1987622456590725,87.32276089816011,True
STARLINK-1676,46556,53deg,260.15095331237444,2025-06-01,storm,nominal_20min,236.49227749167227,5.371762572220098,0.8473818810797488,475.065585206654,7.012606853344628,1.636686380298916,528.0529014813249,7.90678482058765,2.5155090870552796,,,,4.524380691140349,84.2252543799691,True
STARLINK-1676,46556,53deg,260.15095331237444,2025-06-01,storm,gap_4h,236.49227749167227,11.70307795685571,1.9456183254991015,475.065585206654,30.570988913124893,2.60389673679298,528.0529014813249,48.91980342917894,18.812687118107423,125.51464128130443,26.609545844536104,3.4624882138846735,9.757459631356609,83.3751570939562,True
STARLINK-32955,63117,43deg,303.21801838574265,2025-12-08,quiet,nominal_10min,85.26523266654657,1.354915515807174,0.29898946411906746,168.68110154527503,1.774267986764465,0.5610746415864739,184.50010321954647,2.0279631828673703,0.9586140440165656,,,,1.0559260516881066,77.93298101387907,True
STARLINK-32955,63117,43deg,303.21801838574265,2025-12-08,quiet,nominal_20min,85.26523266654657,1.9784518685223902,0.5324260078592723,168.68110154527503,2.6303509502175166,1.093263856818048,184.50010321954647,2.9666475902715064,1.6635745278045722,,,,1.4460258606631178,73.0887560961028,True
STARLINK-32955,63117,43deg,303.21801838574265,2025-12-08,quiet,gap_4h,85.26523266654657,4.280230112433468,1.0110255812629905,168.68110154527503,11.272716239166362,2.254410600682464,184.50010321954647,17.83375724747875,10.087653950795854,47.77768291765721,9.779375935223461,1.7113290345823966,3.2692045311704776,76.37917694363901,True
STARLINK-32955,63117,43deg,303.21801838574265,2025-09-19,quiet,nominal_10min,79.06026630766868,1.2817902556770904,0.37786445255372275,156.560074643415,1.5669435576754058,0.6984158893521412,171.28388950365206,1.7331389170180427,1.700543499101357,,,,0.9039258031233677,70.52057067214008,True
STARLINK-32955,63117,43deg,303.21801838574265,2025-09-19,quiet,nominal_20min,79.06026630766868,1.900347584970793,0.5587137001069513,156.560074643415,2.5630595102515663,1.1010797610882688,171.28388950365206,3.087272263883292,2.0535720760681375,,,,1.3416338848638416,70.59939431472277,True
STARLINK-32955,63117,43deg,303.21801838574265,2025-09-19,quiet,gap_4h,79.06026630766868,4.120865912791403,0.9715169818465972,156.560074643415,10.980932842882675,1.4131369331249863,171.28388950365206,17.283283264568865,7.750171236360995,44.139325156467116,9.455927364202338,1.727136502166817,3.1493489309448055,76.42444567703713,True
STARLINK-32955,63117,43deg,303.21801838574265,2025-03-18,moderate,nominal_10min,146.71447245370422,1.9955332490173572,0.39577000950609215,290.25043787630455,2.490270230680584,0.7300868595234357,318.0251239213263,2.610749731747446,1.3082082204260388,,,,1.599763239511265,80.16720544741725,True
STARLINK-32955,63117,43deg,303.21801838574265,2025-03-18,moderate,nominal_20min,146.71447245370422,2.874190260020489,0.6476806060737715,290.25043787630455,3.758646737024591,1.1513269414857126,318.0251239213263,4.059230692434754,2.432948484674208,,,,2.2265096539467177,77.46563214401978,True
STARLINK-32955,63117,43deg,303.21801838574265,2025-03-18,moderate,gap_4h,146.71447245370422,6.004429655219397,2.2374222053423494,290.25043787630455,15.66861195507772,5.936784083361145,318.0251239213263,25.02857869468809,17.89804354487366,82.16317049204119,13.656194172671963,4.536527887823407,3.7670074498770476,62.7371401812085,True
STARLINK-32955,63117,43deg,303.21801838574265,2025-07-08,moderate,nominal_10min,38.006249035511956,0.9793564114972784,0.37389944048117274,74.42683490670305,1.2782984487480453,0.6861310139094944,80.44390818156508,1.4662604621469695,0.8973055481804587,,,,0.6054569710161056,61.82192344975404,True
STARLINK-32955,63117,43deg,303.21801838574265,2025-07-08,moderate,nominal_20min,38.006249035511956,1.4077982016368489,0.5659925133436363,74.42683490670305,1.8960566134854495,1.0532564338170132,80.44390818156508,2.260917803544926,1.4684120511642484,,,,0.8418056882932126,59.79590592703159,True
STARLINK-32955,63117,43deg,303.21801838574265,2025-07-08,moderate,gap_4h,38.006249035511956,2.9870540200181592,0.7470849861761631,74.42683490670305,8.021962731421816,0.8076496866548506,80.44390818156508,12.351024028202048,8.420610183967815,21.757746018446817,6.836794765155242,0.6336221419181031,2.239969033841996,74.98923751731743,True
STARLINK-32955,63117,43deg,303.21801838574265,2025-11-12,storm,nominal_10min,162.11243162823288,2.040846580010525,0.4489937835671739,321.23089814295605,2.5767831160087185,0.9184404024750493,351.3298054412299,2.8464989140010792,1.5142988028819913,,,,1.591852796443351,77.99963074319588,True
STARLINK-32955,63117,43deg,303.21801838574265,2025-11-12,storm,nominal_20min,162.11243162823288,2.963949647447039,0.6439172501649985,321.23089814295605,3.9592677256886883,1.181500840823078,351.3298054412299,4.462909025328968,1.9799655009253823,,,,2.3200323972820405,78.27502735346302,True
STARLINK-32955,63117,43deg,303.21801838574265,2025-11-12,storm,gap_4h,162.11243162823288,7.0808638276093605,1.508280568960881,321.23089814295605,18.758064884028396,2.045060785784853,351.3298054412299,29.74279337052065,13.411311702307275,89.39677169798203,16.323715247796798,2.6550661125163804,5.572583258648479,78.6992010342034,True
STARLINK-32955,63117,43deg,303.21801838574265,2025-06-01,storm,nominal_10min,91.88395530316726,1.5537488769256758,0.30449836148093906,185.3681660183213,2.059741072259164,0.6048258904146426,203.38432054368116,2.388352607249756,0.8939103358886218,,,,1.2492505154447366,80.4023439049279,True
STARLINK-32955,63117,43deg,303.21801838574265,2025-06-01,storm,nominal_20min,91.88395530316726,2.2872471327001547,0.5576629049183409,185.3681660183213,3.038067209592272,1.0456482647061218,203.38432054368116,3.446668690043808,1.5282372214973095,,,,1.7295842277818139,75.61859857880748,True
STARLINK-32955,63117,43deg,303.21801838574265,2025-06-01,storm,gap_4h,91.88395530316726,4.9100453374595086,1.0400720882996959,185.3681660183213,12.997114159618704,2.1302970768100695,203.38432054368116,20.78455771397388,8.538784157550559,47.99832957317665,11.291740614710648,2.0070469021249746,3.8699732491598127,78.81746467054343,True
STARLINK-11155 [DTC],60046,53deg,359.8137410068066,2025-12-08,quiet,nominal_10min,52.796553805368355,0.5406053331212746,0.2561309734426978,104.77560806282537,0.7936463908039656,0.4404716817591873,113.90882937615484,1.210926347552663,1.0719828993067095,,,,0.28447435967857676,52.62144900349334,True
STARLINK-11155 [DTC],60046,53deg,359.8137410068066,2025-12-08,quiet,nominal_20min,52.796553805368355,0.7436683983847826,0.385034271249114,104.77560806282537,1.1647813851104165,0.6764408570474608,113.90882937615484,2.2163418058098334,1.7219791179067594,,,,0.3586341271356686,48.22500564964267,True
STARLINK-11155 [DTC],60046,53deg,359.8137410068066,2025-12-08,quiet,gap_4h,52.796553805368355,1.6569211560095254,0.3981378142526848,104.77560806282537,4.485351525214041,0.5782289533674037,113.90882937615484,6.978680485563583,4.336166893283719,29.768054099132193,3.7748637264799854,0.3856853268600757,1.2587833417568406,75.97122755004548,True
STARLINK-11155 [DTC],60046,53deg,359.8137410068066,2025-09-19,quiet,nominal_10min,48.284795857688586,0.5326766851354895,0.3864500126965345,95.80019197438008,0.9114306836707435,0.6976114056273404,104.09703893809635,1.5960866127096536,1.848934755844914,,,,0.14622667243895499,27.451299544255704,True
STARLINK-11155 [DTC],60046,53deg,359.8137410068066,2025-09-19,quiet,nominal_20min,48.284795857688586,0.7929542059898281,0.5358308298595413,95.80019197438008,1.2334994226358125,0.92311099849022,104.09703893809635,2.3299259471709766,2.853251723321676,,,,0.2571233761302868,32.426005712312865,True
STARLINK-11155 [DTC],60046,53deg,359.8137410068066,2025-09-19,quiet,gap_4h,48.284795857688586,1.5265772799548762,0.5107492731604233,95.80019197438008,4.19037220175641,0.8738232906367523,104.09703893809635,6.503119411094351,3.7540168794719926,27.199909792889027,3.447120036924545,0.629462820060625,1.015828006794453,66.5428485103931,True
STARLINK-11155 [DTC],60046,53deg,359.8137410068066,2025-03-18,moderate,nominal_10min,77.732692098599,0.7703794193210723,0.3666149239407585,153.9988827904398,1.1458726510083463,0.6748538024029036,168.00778715394586,1.2944711474388624,1.1159656154774302,,,,0.40376449538031384,52.411121747793764,True
STARLINK-11155 [DTC],60046,53deg,359.8137410068066,2025-03-18,moderate,nominal_20min,77.732692098599,1.0851024802721696,0.4734652771130422,153.9988827904398,1.6034335996643694,0.8768348061786847,168.00778715394586,1.9602577018530547,1.1751784176051736,,,,0.6116372031591274,56.366768510722984,True
STARLINK-11155 [DTC],60046,53deg,359.8137410068066,2025-03-18,moderate,gap_4h,77.732692098599,1.9961624183306612,0.7240230598666839,153.9988827904398,5.204260880881326,1.7109206987541563,168.00778715394586,8.610203017518092,4.287807482302817,43.60772163857148,4.442279101138519,1.3680653743080085,1.2721393584639773,63.729251025967834,True
STARLINK-11155 [DTC],60046,53deg,359.8137410068066,2025-07-08,moderate,nominal_10min,32.557765056824124,0.3677253850959384,0.2889698404358432,64.28652572806322,0.6560918613442155,0.5679068107224142,69.45718077807913,0.9665162543226573,0.9517166671786343,,,,0.07875554466009521,21.416945321723745,True
STARLINK-11155 [DTC],60046,53deg,359.8137410068066,2025-07-08,moderate,nominal_20min,32.557765056824124,0.44248024432612393,0.36027259476747164,64.28652572806322,0.7985365806375304,0.7747576714495202,69.45718077807913,1.2984973143016223,1.060004802036926,,,,0.08220764955865228,18.57882936307147,True
STARLINK-11155 [DTC],60046,53deg,359.8137410068066,2025-07-08,moderate,gap_4h,32.557765056824124,0.7392332237597737,0.6477280394940638,64.28652572806322,1.7930299027849117,1.5877898041203509,69.45718077807913,2.998019970154636,2.9839463220645603,18.600112115672747,1.5508762860306087,1.359119359578035,0.09150518426570997,12.378391734114768,True
STARLINK-11155 [DTC],60046,53deg,359.8137410068066,2025-11-12,storm,nominal_10min,82.9615247685001,0.7839158914919759,0.34081713672763303,164.27862194836396,1.147801469230015,0.5642242611959112,179.12706954930695,1.323665150899836,1.1408128299066982,,,,0.4430987547643429,56.523762252226064,True
STARLINK-11155 [DTC],60046,53deg,359.8137410068066,2025-11-12,storm,nominal_20min,82.9615247685001,1.155418597567124,0.49593187063327066,164.27862194836396,1.7201208323270345,0.9281850618857552,179.12706954930695,2.2530106774177603,1.3978162861422663,,,,0.6594867269338534,57.07773168291421,True
STARLINK-11155 [DTC],60046,53deg,359.8137410068066,2025-11-12,storm,gap_4h,82.9615247685001,2.6501719195541193,0.7650316363121639,164.27862194836396,7.101031100266106,1.1303792420594443,179.12706954930695,11.346525277039552,5.807070831495724,46.08003078213174,6.114750768927324,1.446381840969808,1.8851402832419555,71.13275441991411,True
STARLINK-11155 [DTC],60046,53deg,359.8137410068066,2025-06-01,storm,nominal_10min,54.03788442000599,0.5360203810757107,0.22521460415649075,108.38381692063192,0.8573099152224855,0.40173995662377304,118.46096766551206,1.0251138548301737,0.8486251445342877,,,,0.31080577691921996,57.98394760577581,True
STARLINK-11155 [DTC],60046,53deg,359.8137410068066,2025-06-01,storm,nominal_20min,54.03788442000599,0.7854928236942953,0.3037018219028105,108.38381692063192,1.2014639452458105,0.5308135671484153,118.46096766551206,1.819122368301715,1.5213925199999807,,,,0.4817910017914848,61.33614302490334,True
STARLINK-11155 [DTC],60046,53deg,359.8137410068066,2025-06-01,storm,gap_4h,54.03788442000599,1.5829056078417363,0.7792295709387431,108.38381692063192,4.237203220051352,2.1588755286466705,118.46096766551206,6.909813312855518,3.6125608384037684,28.912408434728583,3.584154405709508,1.709525279714011,0.8036760369029932,50.7722022666147,True
STARLINK-6274,56776,70deg,571.6373402236486,2025-12-08,quiet,nominal_10min,65.20288961248525,0.25336908453697327,0.24536236933091507,128.7864153875303,0.4472450586896582,0.4120826184057996,142.86096196088545,0.8270960200899223,0.7445823201866105,,,,0.008006715206058196,3.1600995128076903,True
STARLINK-6274,56776,70deg,571.6373402236486,2025-12-08,quiet,nominal_20min,65.20288961248525,0.29384947427314684,0.28647688534123195,128.7864153875303,0.4837470986429975,0.5016181412222313,142.86096196088545,1.264427954500793,1.14539833939945,,,,0.007372588931914892,2.5089678823320694,True
STARLINK-6274,56776,70deg,571.6373402236486,2025-12-08,quiet,gap_4h,65.20288961248525,0.29498991961685905,0.2745118059723116,128.7864153875303,0.501625990326938,0.4609140193776406,142.86096196088545,0.8270960200899223,0.7445823201866105,36.06465367483687,0.3573709109991635,0.2894834039043032,0.020478113644547435,6.9419706514531,True
STARLINK-6274,56776,70deg,571.6373402236486,2025-09-19,quiet,nominal_10min,64.69227882085578,0.24660000073353544,0.24814333095210359,127.78397364934304,0.45352662985615416,0.45745452094773126,141.73839247653913,0.8307573650571496,0.7171111829318375,,,,-0.0015433302185681452,-0.6258435579794552,False
STARLINK-6274,56776,70deg,571.6373402236486,2025-09-19,quiet,nominal_20min,64.69227882085578,0.3616913335446148,0.375965793560038,127.78397364934304,0.651134108762293,0.6769719597419712,141.73839247653913,0.9618261332092741,0.8377710945301134,,,,-0.014274460015423207,-3.9465861334115893,False
STARLINK-6274,56776,70deg,571.6373402236486,2025-09-19,quiet,gap_4h,64.69227882085578,0.36813420227627636,0.4100906650100717,127.78397364934304,0.7207936893824224,0.8519066597111109,141.73839247653913,0.8999253200636913,1.0497903963823771,35.771826525792925,0.645971880307591,0.7612975508419342,-0.04195646273379533,-11.397056419742269,False
STARLINK-6274,56776,70deg,571.6373402236486,2025-03-18,moderate,nominal_10min,66.51197324201145,0.24995831225026402,0.254708728064598,131.36979870436664,0.4244547642424019,0.4302680901818818,145.68566105500832,0.936015463777706,1.0133318020727766,,,,-0.004750415814333969,-1.900483233211192,False
STARLINK-6274,56776,70deg,571.6373402236486,2025-03-18,moderate,nominal_20min,66.51197324201145,0.3615964385422785,0.3498661138370525,131.36979870436664,0.5540597111371094,0.5722938300656867,145.68566105500832,0.9248113649692794,1.2766215345834928,,,,0.011730324705226003,3.2440376770620394,True
STARLINK-6274,56776,70deg,571.6373402236486,2025-03-18,moderate,gap_4h,66.51197324201145,0.33462113666385845,0.29625226739659344,131.36979870436664,0.7563723774938762,0.6688703844209302,145.68566105500832,0.936015463777706,1.0133318020727766,36.80010379143298,0.5703761450169182,0.41657017699811455,0.038368869267265016,11.466361524498737,True
STARLINK-6274,56776,70deg,571.6373402236486,2025-07-08,moderate,nominal_10min,64.16480366833034,0.31416364064578,0.3228172714084292,126.72892430185136,0.580932724350612,0.6041402748509721,140.56931510177935,0.7917607250291426,0.7588779569064021,,,,-0.00865363076264919,-2.7544978613251336,False
STARLINK-6274,56776,70deg,571.6373402236486,2025-07-08,moderate,nominal_20min,64.16480366833034,0.49233249707515286,0.4931482334842411,126.72892430185136,0.9092814020982869,0.9067216718282273,140.56931510177935,1.7115235702605422,1.5838608057061792,,,,-0.0008157364090882191,-0.16568810995298833,False
STARLINK-6274,56776,70deg,571.6373402236486,2025-07-08,moderate,gap_4h,64.16480366833034,0.301991778313201,0.31446790716066614,126.72892430185136,0.578270560049797,0.6012266907915463,140.56931510177935,0.7917607250291426,0.7588779569064021,35.47981569415498,0.17755371561515482,0.20648751964471274,-0.012476128847465129,-4.131280963061812,False
STARLINK-6274,56776,70deg,571.6373402236486,2025-11-12,storm,nominal_10min,67.2082383830326,0.26210586087533616,0.2746638781288339,132.6966959221744,0.5316679263545553,0.601768070690992,147.13496459956676,1.054775279332598,0.9075239312721034,,,,-0.012558017253497755,-4.791200475853019,False
STARLINK-6274,56776,70deg,571.6373402236486,2025-11-12,storm,nominal_20min,67.2082383830326,0.4261181225049889,0.42517138061155396,132.6966959221744,0.8867221630870686,0.8910298083892054,147.13496459956676,1.342158975495944,1.3023807098740527,,,,0.0009467418934349658,0.22217827485707664,True
STARLINK-6274,56776,70deg,571.6373402236486,2025-11-12,storm,gap_4h,67.2082383830326,0.29259509896922115,0.3914388874685424,132.6966959221744,0.538743066548208,0.7554158903371258,147.13496459956676,1.054775279332598,0.9075239312721034,37.17816883133584,0.30610698975485434,0.6665021717144443,-0.09884378849932124,-33.78176491934981,False
STARLINK-6274,56776,70deg,571.6373402236486,2025-06-01,storm,nominal_10min,65.27264981266913,0.24028690285932305,0.24109129716258362,129.01010948555097,0.45612230512035595,0.46999464639344946,143.10045516822515,0.7407660115475216,0.7189937166028858,,,,-0.0008043943032605694,-0.3347641064446627,False
STARLINK-6274,56776,70deg,571.6373402236486,2025-06-01,storm,nominal_20min,65.27264981266913,0.3217948482259163,0.3280518648651916,129.01010948555097,0.646224304366508,0.6697107728054181,143.10045516822515,0.781738526590835,0.7710552952163671,,,,-0.0062570166392753035,-1.944411687685732,False
STARLINK-6274,56776,70deg,571.6373402236486,2025-06-01,storm,gap_4h,65.27264981266913,0.30020939934757623,0.30250627085550447,129.01010948555097,0.555997944056127,0.5961197032421597,143.10045516822515,0.7407660115475216,0.7189937166028858,36.00574351302712,0.4492791390487121,0.47163171863305725,-0.002296871507928233,-0.7650898049560872,False
STARLINK-34343,64157,97deg,545.4683032963858,2025-12-08,quiet,nominal_10min,13.484174300587545,0.255507781613566,0.24222297423494715,25.42444677927335,0.4877466073766125,0.46463511274939057,27.39682054776664,1.366918377350133,1.2923041149635717,,,,0.013284807378618868,5.199374866285289,True
STARLINK-34343,64157,97deg,545.4683032963858,2025-12-08,quiet,nominal_20min,13.484174300587545,0.3125753321641433,0.30954397600409306,25.42444677927335,0.5450609858873569,0.48290651719541927,27.39682054776664,1.6057179409035534,1.496173697335035,,,,0.003031356160050236,0.9698001883457597,True
STARLINK-34343,64157,97deg,545.4683032963858,2025-12-08,quiet,gap_4h,13.484174300587545,0.2876377290007432,0.32137376674417856,25.42444677927335,0.5202793111480373,0.6285571320606714,27.39682054776664,1.366918377350133,1.2923041149635717,8.63655565521859,0.3494210038698705,0.5309312241005903,-0.033736037743435365,-11.728655298675438,False
STARLINK-34343,64157,97deg,545.4683032963858,2025-09-19,quiet,nominal_10min,13.931980146706286,0.28794481189124,0.30058030278696574,26.342398950492242,0.48550236326105173,0.5023879849831754,28.314160464308703,1.0282534745678216,1.0470326529377532,,,,-0.012635490895725743,-4.388164111287507,False
STARLINK-34343,64157,97deg,545.4683032963858,2025-09-19,quiet,nominal_20min,13.931980146706286,0.4330991189239932,0.4456261180121605,26.342398950492242,0.7700264911938065,0.7818600010529001,28.314160464308703,1.6973073483322845,1.7386807800868758,,,,-0.01252699908816729,-2.8924092755694852,False
STARLINK-34343,64157,97deg,545.4683032963858,2025-09-19,quiet,gap_4h,13.931980146706286,0.3719259165925844,0.47371870715176584,26.342398950492242,0.6932210144346294,0.9883542705550173,28.314160464308703,1.0392892625941268,1.0874881956430926,8.885939903558224,0.4839139698260506,0.8495338188099856,-0.10179279055918145,-27.369103904283023,False
STARLINK-34343,64157,97deg,545.4683032963858,2025-03-18,moderate,nominal_10min,11.28843313269014,0.22550114882911684,0.21586456555664707,21.133316399335985,0.39488688872295075,0.3705743431634179,22.792180036978497,0.668234191008068,0.724503099153271,,,,0.009636583272469773,4.273407617879721,True
STARLINK-34343,64157,97deg,545.4683032963858,2025-03-18,moderate,nominal_20min,11.28843313269014,0.32031864836387935,0.32418467032143183,21.133316399335985,0.5677426318280476,0.5532998769786291,22.792180036978497,0.9275880397599593,1.1714991044538243,,,,-0.003866021957552479,-1.206930029612474,False
STARLINK-34343,64157,97deg,545.4683032963858,2025-03-18,moderate,gap_4h,11.28843313269014,0.24355142653924788,0.24634742770672585,21.133316399335985,0.4161726667085446,0.40054441052921835,22.792180036978497,0.668234191008068,0.724503099153271,7.401507633024907,0.22649074423303028,0.28685548434831065,-0.0027960011674779683,-1.148012642425389,False
STARLINK-34343,64157,97deg,545.4683032963858,2025-07-08,moderate,nominal_10min,14.675293729861611,0.27025763672198966,0.2868491525504949,27.838791023467465,0.4919190877420004,0.5570478524803251,29.91283176776784,1.209008181416213,1.206088713193879,,,,-0.016591515828505266,-6.13914782566265,False
STARLINK-34343,64157,97deg,545.4683032963858,2025-07-08,moderate,nominal_20min,14.675293729861611,0.3708597204471687,0.37753446827649906,27.838791023467465,0.6920824287242577,0.7210297063176175,29.91283176776784,1.4255041022098065,1.5017008840093862,,,,-0.006674747829330363,-1.7998039316003966,False
STARLINK-34343,64157,97deg,545.4683032963858,2025-07-08,moderate,gap_4h,14.675293729861611,0.26893948168275333,0.2836841060843396,27.838791023467465,0.49581450332772203,0.5447413111412627,29.91283176776784,1.209008181416213,1.206088713193879,9.283841396017033,0.09978767999721008,0.1089055110677098,-0.014744624401586248,-5.482506439489354,False
STARLINK-34343,64157,97deg,545.4683032963858,2025-11-12,storm,nominal_10min,10.500078017146153,0.28790225101938527,0.2943565553024726,19.62324212752681,0.5237416061651314,0.5889653342751711,21.263640991657905,0.9580834932843195,1.0188072146437277,,,,-0.006454304283087353,-2.2418387700111397,False
STARLINK-34343,64157,97deg,545.4683032963858,2025-11-12,storm,nominal_20min,10.500078017146153,0.37592708925437,0.36011113466022143,19.62324212752681,0.7526688578697429,0.703209679818132,21.263640991657905,1.178506520947652,1.167079912955736,,,,0.015815954594148585,4.207186724829704,True
STARLINK-34343,64157,97deg,545.4683032963858,2025-11-12,storm,gap_4h,10.500078017146153,0.3820843521205978,0.3187354592182972,19.62324212752681,0.7297379447696137,0.6107228245033242,21.263640991657905,1.0056783357606731,1.0188072146437277,6.957673059329903,0.6385898220387821,0.35684520163407246,0.06334889290230061,16.579818710373594,True
STARLINK-34343,64157,97deg,545.4683032963858,2025-06-01,storm,nominal_10min,13.000530085470793,0.23226908029731497,0.2276387931445639,24.384252508893542,0.4284433853986571,0.4092508647196101,26.206009808402836,0.6797899378081363,0.633729418948178,,,,0.0046302871527510725,1.9935013075455865,True
STARLINK-34343,64157,97deg,545.4683032963858,2025-06-01,storm,nominal_20min,13.000530085470793,0.3744167999287395,0.3338051901993265,24.384252508893542,0.6775686269092376,0.5999658901002934,26.206009808402836,0.857499368935077,0.7967691107548268,,,,0.04061160972941302,10.846631277534124,True
STARLINK-34343,64157,97deg,545.4683032963858,2025-06-01,storm,gap_4h,13.000530085470793,0.2387599869350641,0.24239470485827053,24.384252508893542,0.43425606465322214,0.41347817748052473,26.206009808402836,0.6797899378081363,0.633729418948178,8.485957292706049,0.13483837517139796,0.1861126320739371,-0.0036347179232064375,-1.522331262396559,False
STARLINK-32611,61976,43deg,483.083791216417,2025-12-08,quiet,nominal_10min,8.463640733426482,0.22450636320344336,0.1988681935460614,16.47698938278449,0.4027771801582527,0.36746547853712186,19.16154744178974,0.9586516759822692,0.9045053434301837,,,,0.02563816965738197,11.419796433185791,True
STARLINK-32611,61976,43deg,483.083791216417,2025-12-08,quiet,nominal_20min,8.463640733426482,0.3026268641767954,0.28413466342356825,16.47698938278449,0.5114945800278563,0.5011125361090338,19.16154744178974,1.6139840281800353,1.6342384596759547,,,,0.01849220075322716,6.110561533765213,True
STARLINK-32611,61976,43deg,483.083791216417,2025-12-08,quiet,gap_4h,8.463640733426482,0.27838589176038164,0.21497795291677096,16.47698938278449,0.5724260114125004,0.37119300247483333,19.16154744178974,0.9586516759822692,1.1432123984463323,4.924266986602768,0.4360251133763964,0.16863937919849759,0.06340793884361068,22.776994352209677,True
STARLINK-32611,61976,43deg,483.083791216417,2025-09-19,quiet,nominal_10min,7.151412074642682,0.23886678254444105,0.2250159688020282,13.881486865416745,0.44560363693676275,0.4140230762427742,16.34049733936626,0.7936170579963777,0.6931909755333474,,,,0.013850813742412843,5.798551642414285,True
STARLINK-32611,61976,43deg,483.083791216417,2025-09-19,quiet,nominal_20min,7.151412074642682,0.36543914188573573,0.33146560843270756,13.881486865416745,0.6404856231739814,0.5579910708305835,16.34049733936626,2.0699936730723913,2.015695530086127,,,,0.03397353345302817,9.296632341494194,True
STARLINK-32611,61976,43deg,483.083791216417,2025-09-19,quiet,gap_4h,7.151412074642682,0.2794935931735539,0.2495950565541162,13.881486865416745,0.4945858221991605,0.43747686241675077,16.34049733936626,0.7936170579963777,1.0270798479593661,4.167317750364019,0.36347669723584763,0.1987942782775213,0.02989853661943767,10.697396058331798,True
STARLINK-32611,61976,43deg,483.083791216417,2025-03-18,moderate,nominal_10min,13.098310898728844,0.25696921978837706,0.260963305248258,25.661303053451334,0.44951418287551365,0.44915941963691974,29.220895215180324,0.9192233893896807,0.8606100531149496,,,,-0.003994085459880947,-1.5543050109932288,False
STARLINK-32611,61976,43deg,483.083791216417,2025-03-18,moderate,nominal_20min,13.098310898728844,0.3872261584890257,0.3721516922490113,25.661303053451334,0.6552449257413565,0.6652894590972843,29.220895215180324,1.160702635152531,1.0923159050847873,,,,0.015074466240014406,3.892935926342289,True
STARLINK-32611,61976,43deg,483.083791216417,2025-03-18,moderate,gap_4h,13.098310898728844,0.314029892876543,0.30418378550231967,25.661303053451334,0.594692170939718,0.47395093008444655,29.220895215180324,0.9192233893896807,1.4948080259278371,7.509190298108586,0.4391555980782527,0.34277937069800235,0.009846107374223312,3.1354044941492853,True
STARLINK-32611,61976,43deg,483.083791216417,2025-07-08,moderate,nominal_10min,4.655669577473738,0.2889315581448826,0.2866685231852054,8.901711839661957,0.659899318187943,0.5787480607604997,10.859451470426002,1.0343191753331502,1.2790916567908295,,,,0.002263034959677168,0.7832425693500733,True
STARLINK-32611,61976,43deg,483.083791216417,2025-07-08,moderate,nominal_20min,4.655669577473738,0.37193553440142,0.3828222128313461,8.901711839661957,0.7598867097760855,0.7684154255747757,10.859451470426002,1.4550717346685516,1.3423594043395979,,,,-0.010886678429926078,-2.927033698849635,False
STARLINK-32611,61976,43deg,483.083791216417,2025-07-08,moderate,gap_4h,4.655669577473738,0.27092311060500934,0.2904138436953924,8.901711839661957,0.6082801390560689,0.512743737739738,10.859451470426002,1.0343191753331502,1.2790916567908295,2.786428442885869,0.10719350244298027,0.31730982982276196,-0.019490733090383072,-7.194193602331489,False
STARLINK-32611,61976,43deg,483.083791216417,2025-11-12,storm,nominal_10min,13.877295810443261,0.3359635051818959,0.3348070834568951,27.186107227305108,0.5912444404725667,0.5879752687548878,30.888496651733213,0.8264250636339072,0.8841065414958588,,,,0.0011564217250008002,0.34421051904869326,True
STARLINK-32611,61976,43deg,483.083791216417,2025-11-12,storm,nominal_20min,13.877295810443261,0.40760711580489006,0.38116020513404036,27.186107227305108,0.7711457203143245,0.7533749496599421,30.888496651733213,0.9846167968155406,0.9354420468280399,,,,0.0264469106708497,6.488333899329934,True
STARLINK-32611,61976,43deg,483.083791216417,2025-11-12,storm,gap_4h,13.877295810443261,0.5171334013071045,0.3325927796255378,27.186107227305108,1.1922521284259606,0.6232687120791384,30.888496651733213,1.9728206119695784,0.8841065414958588,7.82786243077563,0.9775133114769444,0.27684510304986343,0.1845406216815667,35.68530309879859,True
STARLINK-32611,61976,43deg,483.083791216417,2025-06-01,storm,nominal_10min,8.354396864743284,0.31857179558703647,0.3206665001951723,16.55219294671534,0.5637405647024174,0.5514869463064929,19.311357112099316,0.9043339731281756,0.9836985685037294,,,,-0.0020947046081358223,-0.6575298369637217,False
STARLINK-32611,61976,43deg,483.083791216417,2025-06-01,storm,nominal_20min,8.354396864743284,0.3945531108600261,0.38304085313108044,16.55219294671534,0.6923813006789153,0.6768186319775639,19.311357112099316,1.1282313814395013,0.9312240826353637,,,,0.011512257728945652,2.917796720409027,True
STARLINK-32611,61976,43deg,483.083791216417,2025-06-01,storm,gap_4h,8.354396864743284,0.3228967894817268,0.3794186875132915,16.55219294671534,0.5680692865039585,0.6926842765429885,19.311357112099316,0.9043339731281756,0.9836985685037294,4.572622499325443,0.2785727373354097,0.5390643335459313,-0.05652189803156471,-17.504633019822393,False
